{"cameraMode":{"drawMode":0,"name":"Shaded","section":"Shading Mode"},"sceneLighting":false,"audioPlay":false,"sceneViewState":{"m_AlwaysRefresh":false,"showFog":true,"showSkybox":false,"showFlares":true,"showImageEffects":true,"showParticleSystems":true,"showVisualEffectGraphs":true,"m_FxEnabled":true},"in2DMode":false,"pivot":{"x":1.2499475479125977,"y":9.293275833129883,"z":1.1477813720703126},"rotation":{"x":0.06544212251901627,"y":-0.1565108597278595,"z":0.010390128009021283,"w":0.9854620695114136},"size":22.38302993774414,"orthographic":false}